"","Marine","Gut"
"1",0.008032,0.01044
"2",0.0049994149292948,0.00653437751417385
"3",0.00378854771687888,0.00496782776582212
"4",0.00311182141873203,0.00408985531587556
"5",0.00267133415423047,0.00351719766150711
"6",0.00235813272112923,0.00310935460222956
"7",0.00212215274876298,0.00280165221991152
"8",0.00193691315464495,0.00255983320041012
"9",0.00178698877030232,0.00236391884203767
"10",0.00166273753134896,0.00220140778853035
"11",0.00155779786091085,0.00206404443927245
"12",0.00146778933407272,0.00194613953988523
"13",0.00138958925357124,0.00184363435570706
"14",0.00132090664024024,0.00175354916363267
"15",0.00126001953573586,0.00167364293110342
"16",0.00120560664119515,0.00160219506750915
"17",0.00115663581915308,0.00153786080313293
"18",0.00111228813953331,0.0014795726175041
"19",0.00107190485194939,0.00142647138593314
"20",0.00103494955648964,0.00137785723686781
"21",0.00100098069611482,0.00133315380155686
"22",0.00096963121049069,0.00129188175979286
"23",0.000940593254722944,0.00125363896302842
"24",0.000913606562477938,0.00121808529203742
"25",0.000888449472554558,0.00118493097606428
"26",0.000864931929767388,0.00115392747876347
"27",0.000842889968353715,0.0011248603122246
"28",0.00082218132189015,0.00109754331655552
"29",0.000802681898583212,0.00107181406565062
"30",0.000784282928057887,0.00104753014710327
"31",0.000766888634083917,0.00102456612697611
"32",0.000750414322814739,0.00100281105579043
"33",0.000734784801956253,0.000982166405680887
"34",0.00071993306549191,0.000962544353632298
"35",0.000705799193011032,0.000943866344466378
"36",0.000692329423613093,0.000926061881456527
"37",0.000679475372710582,0.000909067503311604
"38",0.000667193366486465,0.000892825914641178
"39",0.000655443873757065,0.000877285243515818
"40",0.000644191018897078,0.000862398404820951
"41",0.000633402162558747,0.000848122552107318
"42",0.000623047539354123,0.000834418603814994
"43",0.000613099943612258,0.000821250832278956
"44",0.000603534455881143,0.000808586505954199
"45",0.000594328204100458,0.000796395576935582
"46",0.000585460154389426,0.00078465040717482
"47",0.000576910927223492,0.000773325527878408
"48",0.000568662635452428,0.000762397427455481
"49",0.000560698741170599,0.00075184436411256
"50",0.000553003928911024,0.000741646199793342
"51",0.000545563993017024,0.000731784252660278
"52",0.000538365737363401,0.000722241165729823
"53",0.000531396885864913,0.000713000789620201
"54",0.000524646002432816,0.000704048077661589
"55",0.00051810241922788,0.000695368991863585
"56",0.000511756172216751,0.000686950418441783
"57",0.000505597943172839,0.000678780091780594
"58",0.000499619007376942,0.000670846525858491
"59",0.000493811186370152,0.000663138952288897
"60",0.000488166805194676,0.000655647264238588
"61",0.000482678653629522,0.000648361965578609
"62",0.000477339950989247,0.000641274124702765
"63",0.000472144314106777,0.000634375332517767
"64",0.000467085728166914,0.000627657664168765
"65",0.000462158520096672,0.000621113644115618
"66",0.000457357334252865,0.000614736214220128
"67",0.000452677110177217,0.000608518704543481
"68",0.000448113062215292,0.000602454806587154
"69",0.000443660660818263,0.000596538548740329
"70",0.00043931561536648,0.000590764273722851
"71",0.000435073858371229,0.000585126617835686
"72",0.000430931530926464,0.000579620491850868
"73",0.000426884969295806,0.000574241063390687
"74",0.00042293069253205,0.000568983740661447
"75",0.000419065391036954,0.000563844157420961
"76",0.000415285915978447,0.00055881815907117
"77",0.000411589269490669,0.000553901789778132
"78",0.000407972595589627,0.000549091280531254
"79",0.000404433171743787,0.000544383038062242
"80",0.000400968401044781,0.00053977363455186
"81",0.000397575804928608,0.000535259798059454
"82",0.000394253016402367,0.000530838403616264
"83",0.000390997773735727,0.000526506464929032
"84",0.000387807914580103,0.00052226112664531
"85",0.000384681370481817,0.000518099657136265
"86",0.000381616161758581,0.000514019441756721
"87",0.000378610392711334,0.00051001797654577
"88",0.000375662247145916,0.000506092862334436
"89",0.000372769984181262,0.000502241799229838
"90",0.000369931934322808,0.000498462581447833
"91",0.000367146495781585,0.000494753092468567
"92",0.000364412131021132,0.000491111300491427
"93",0.000361727363515811,0.000487535254167887
"94",0.000359090774705482,0.000484023078592461
"95",0.000356501001132688,0.000480572971533605
"96",0.000353956731749626,0.000477183199887844
"97",0.000351456705383184,0.000473852096341743
"98",0.000348999708347248,0.000470578056227534
"99",0.000346584572192314,0.000467359534559313
"100",0.000344210171583223,0.000464195043237749
"101",0.000341875422296515,0.000461083148412132
"102",0.000339579279329556,0.000458022467989448
"103",0.000337320735114181,0.00045501166928095
"104",0.000335098817828111,0.000452049466777362
"105",0.000332912589797921,0.00044913462004455
"106",0.000330761145987775,0.000446265931732035
"107",0.000328643612568558,0.000443442245687319
"108",0.000326559145562432,0.000440662445169465
"109",0.000324506929558172,0.00043792545115583
"110",0.00032248617649298,0.000435230220736317
"111",0.000320496124496776,0.000432575745589845
"112",0.000318536036795217,0.000429961050538152
"113",0.000316605200667978,0.000427385192172336
"114",0.000314702926459043,0.000424847257547891
"115",0.000312828546635981,0.000422346362944229
"116",0.000310981414895385,0.000419881652684997
"117",0.000309160905311825,0.0004174522980157
"118",0.000307366411527853,0.000415057496035381
"119",0.000305597345982747,0.000412696468679339
"120",0.00030385313917784,0.000410368461750022
"121",0.000302133238976399,0.000408072743993443
"122",0.000300437109936173,0.000405808606218623
"123",0.00029876423267282,0.000403575360457725
"124",0.000297114103252551,0.000401372339164681
"125",0.00029548623261243,0.00039919889445025
"126",0.000293880146006856,0.000397054397351596
"127",0.000292295382478852,0.000394938237134529
"128",0.000290731494354855,0.000392849820626749
"129",0.000289188046761802,0.000390788571580453
"130",0.00028766461716535,0.000388753930062804
"131",0.000286160794928162,0.000386745351872854
"132",0.000284676180887232,0.00038476230798356
"133",0.000283210386949298,0.000382804284007647
"134",0.000281763035703437,0.000380870779686123
"135",0.00028033376004999,0.000378961308398325
"136",0.000278922202845012,0.000377075396692438
"137",0.000277528016559496,0.000375212583835489
"138",0.000276150862952642,0.000373372421381868
"139",0.000274790412758508,0.000371554472759496
"140",0.000273446345385397,0.000369758312872782
"141",0.00027211834862737,0.000367983527721591
"142",0.000270806118387327,0.00036622971403545
"143",0.000269509358411104,0.000364496478922301
"144",0.000268227780032075,0.000362783439531101
"145",0.000266961101925783,0.000361090222727661
"146",0.000265709049874129,0.000359416464783083
"147",0.000264471356538688,0.000357761811074258
"148",0.000263247761242744,0.000356125915795851
"149",0.000262038009761649,0.000354508441683274
"150",0.000260841854121129,0.000352909059746152
"151",0.000259659052403198,0.000351327449011823
"152",0.000258489368559327,0.000349763296278418
"153",0.000257332572230574,0.000348216295877119
"154",0.000256188438574351,0.000346686149443187
"155",0.00025505674809755,0.000345172565695379
"156",0.000253937286495758,0.000343675260223405
"157",0.000252829844498302,0.000342193955283074
"158",0.000251734217718866,0.000340728379598808
"159",0.000250650206511462,0.000339278268173212
"160",0.000249577615831516,0.000337843362103407
"161",0.000248516255101869,0.000336423408403845
"162",0.000247465938083476,0.000335018159835338
"163",0.000246426482750631,0.000333627374740049
"164",0.000245397711170505,0.000332250816882189
"165",0.000244379449386854,0.00033088825529422
"166",0.000243371527307697,0.000329539464128298
"167",0.000242373778596834,0.000328204222512787
"168",0.00024138604056903,0.000326882314413622
"169",0.000240408154088729,0.000325573528500326
"170",0.000239439963472159,0.000324277658016512
"171",0.000238481316392694,0.000322994500654686
"172",0.000237532063789346,0.000321723858435183
"173",0.000236592059778264,0.000320465537589081
"174",0.000235661161567133,0.000319219348444935
"175",0.000234739229372344,0.000317985105319196
"176",0.00023382612633886,0.000316762626410155
"177",0.000232921718462636,0.000315551733695304
"178",0.000232025874515536,0.000314352252831961
"179",0.000231138465972628,0.000313164013061058
"180",0.000230259366941776,0.000311986847113963
"181",0.000229388454095453,0.000310820591122223
"182",0.000228525606604672,0.000309665084530132
"183",0.000227670706074987,0.000308520170010002
"184",0.000226823636484459,0.000307385693380063
"185",0.000225984284123538,0.000306261503524874
"186",0.000225152537536777,0.000305147452318168
"187",0.000224328287466327,0.000304043394548047
"188",0.000223511426797139,0.000302949187844423
"189",0.000222701850503807,0.00030186469260866
"190",0.000221899455599016,0.000300789771945297
"191",0.00022110414108352,0.000299724291595821
"192",0.000220315807897594,0.000298668119874392
"193",0.000219534358873932,0.000297621127605454
"194",0.000218759698691914,0.000296583188063183
"195",0.000217991733833213,0.000295554176912694
"196",0.00021723037253869,0.000294533972152953
"197",0.000216475524766529,0.000293522454061333
"198",0.000215727102151582,0.000292519505139763
"199",0.000214985017965871,0.000291525010062416
"200",0.000214249187080215,0.000290538855624876
"201",0.000213519525926946,0.000289560930694752
"202",0.000212795952463665,0.00028859112616367
"203",0.000212078386138029,0.000287629334900617
"204",0.000211366747853505,0.000286675451706577
"205",0.000210660959936083,0.000285729373270431
"206",0.000209960946101909,0.000284790998126068
"207",0.000209266631425798,0.000283860226610674
"208",0.000208577942310619,0.000282936960824164
"209",0.00020789480645751,0.000282021104589709
"210",0.000207217152836893,0.000281112563415337
"211",0.00020654491166028,0.000280211244456568
"212",0.000205878014352831,0.000279317056480043
"213",0.000205216393526644,0.000278429909828133
"214",0.000204559982954759,0.00027754971638448
"215",0.000203908717545842,0.000276676389540451
"216",0.000203262533319544,0.000275809844162473
"217",0.000202621367382504,0.000274949996560226
"218",0.000201985157904972,0.00027409676445566
"219",0.00020135384409805,0.000273250066952824
"220",0.000200727366191509,0.000272409824508459
"221",0.000200105665412187,0.000271575958903366
"222",0.000199488683962936,0.00027074839321449
"223",0.000198876365002108,0.000269927051787725
"224",0.000198268652623556,0.000269111860211405
"225",0.000197665491837153,0.000268302745290463
"226",0.000197066828549784,0.000267499635021244
"227",0.000196472609546833,0.000266702458566942
"228",0.000195882782474116,0.000265911146233655
"229",0.000195297295820273,0.000265125629447032
"230",0.000194716098899591,0.00026434584072949
"231",0.000194139141835249,0.000263571713678005
"232",0.000193566375542979,0.000262803182942433
"233",0.000192997751715119,0.000262040184204369
"234",0.000192433222805059,0.000261282654156512
"235",0.000191872742012062,0.000260530530482537
"236",0.000191316263266449,0.000259783751837442
"237",0.00019076374121514,0.000259042257828372
"238",0.000190215131207546,0.000258305988995903
"239",0.000189670389281787,0.00025757488679576
"240",0.000189129472151243,0.000256848893580982
"241",0.000188592337191423,0.000256127952584496
"242",0.000188058942427141,0.000255412007902105
"243",0.00018752924651999,0.000254701004475872
"244",0.000187003208756111,0.000253994888077893
"245",0.000186480789034244,0.000253293605294444
"246",0.000185961947854059,0.000252597103510495
"247",0.000185446646304748,0.000251905330894579
"248",0.000184934846053889,0.000251218236384008
"249",0.000184426509336556,0.000250535769670431
"250",0.000183921598944678,0.000249857881185707
"251",0.000183420078216646,0.000249184522088115
"252",0.000182921911027143,0.000248515644248862
"253",0.000182427061777214,0.000247851200238898
"254",0.00018193549538455,0.000247191143316027
"255",0.000181447177273995,0.000246535427412304
"256",0.000180962073368258,0.000245884007121711
"257",0.000180480150078835,0.000245236837688104
"258",0.000180001374297131,0.000244593874993432
"259",0.00017952571338577,0.000243955075546205
"260",0.00017905313517011,0.00024332039647022
"261",0.000178583607929923,0.000242689795493534
"262",0.000178117100391275,0.000242063230937666
"263",0.000177653581718566,0.000241440661707045
"264",0.000177193021506754,0.000240822047278679
"265",0.000176735389773736,0.000240207347692039
"266",0.000176280656952898,0.000239596523539175
"267",0.000175828793885819,0.000238989535955024
"268",0.000175379771815138,0.000238386346607937
"269",0.00017493356237756,0.000237786917690401
"270",0.00017449013759702,0.000237191211909954
"271",0.000174049469877985,0.000236599192480294
"272",0.000173611531998897,0.000236010823112572
"273",0.000173176297105753,0.000235426068006868
"274",0.000172743738705816,0.00023484489184384
"275",0.000172313830661463,0.000234267259776547
"276",0.000171886547184148,0.000233693137422445
"277",0.000171461862828504,0.000233122490855537
"278",0.00017103975248655,0.000232555286598694
"279",0.000170620191382027,0.000231991491616128
"280",0.000170203155064848,0.000231431073306012
"281",0.000169788619405652,0.000230873999493261
"282",0.000169376560590478,0.000230320238422446
"283",0.000168966955115543,0.000229769758750861
"284",0.000168559779782119,0.000229222529541721
"285",0.000168155011691519,0.000228678520257499
"286",0.000167752628240181,0.000228137700753393
"287",0.000167352607114848,0.000227600041270928
"288",0.000166954926287843,0.000227065512431674
"289",0.00016655956401244,0.000226534085231099
"290",0.00016616649881832,0.000226005731032534
"291",0.000165775709507126,0.000225480421561258
"292",0.00016538717514809,0.000224958128898701
"293",0.000165000875073758,0.000224438825476755
"294",0.000164616788875792,0.000223922484072198
"295",0.000164234896400853,0.000223409077801224
"296",0.000163855177746564,0.000222898580114079
"297",0.000163477613257549,0.000222390964789795
"298",0.000163102183521549,0.000221886205931034
"299",0.000162728869365612,0.00022138427795902
"300",0.000162357651852354,0.000220885155608572
"301",0.000161988512276292,0.00022038881392323
"302",0.000161621432160245,0.000219895228250471
"303",0.000161256393251801,0.000219404374237018
"304",0.000160893377519856,0.000218916227824235
"305",0.00016053236715121,0.000218430765243605
"306",0.000160173344547232,0.000217947963012295
"307",0.000159816292320582,0.000217467797928803
"308",0.000159461193291999,0.000216990247068686
"309",0.000159108030487143,0.000216515287780362
"310",0.0001587567871335,0.000216042897680994
"311",0.000158407446657336,0.000215573054652449
"312",0.000158059992680715,0.000215105736837324
"313",0.000157714409018567,0.000214640922635053
"314",0.000157370679675808,0.000214178590698078
"315",0.000157028788844516,0.000213718719928092
"316",0.000156688720901151,0.000213261289472351
"317",0.000156350460403835,0.000212806278720045
"318",0.00015601399208967,0.000212353667298744
"319",0.00015567930087211,0.000211903435070896
"320",0.000155346371838382,0.000211455562130402
"321",0.000155015190246942,0.000211010028799232
"322",0.00015468574152499,0.00021056681562412
"323",0.000154358011266016,0.000210125903373303
"324",0.000154031985227399,0.000209687273033327
"325",0.000153707649328044,0.000209250905805901
"326",0.000153384989646054,0.000208816783104811
"327",0.000153063992416458,0.000208384886552884
"328",0.000152744644028959,0.000207955197979011
"329",0.000152426931025738,0.00020752769941521
"330",0.000152110840099288,0.000207102373093752
"331",0.00015179635809028,0.000206679201444328
"332",0.00015148347198548,0.000206258167091269
"333",0.000151172168915686,0.000205839252850808
"334",0.000150862436153711,0.000205422441728397
"335",0.000150554261112394,0.00020500771691606
"336",0.00015024763134265,0.000204595061789797
"337",0.000149942534531548,0.000204184459907031
"338",0.000149638958500423,0.000203775895004097
"339",0.000149336891203019,0.00020336935099377
"340",0.000149036320723669,0.000202964811962841
"341",0.000148737235275495,0.000202562262169727
"342",0.000148439623198644,0.000202161686042126
"343",0.000148143472958557,0.000201763068174705
"344",0.000147848773144255,0.000201366393326831
"345",0.000147555512466669,0.000200971646420338
"346",0.00014726367975698,0.00020057881253733
"347",0.000146973263965001,0.000200187876918019
"348",0.000146684254157579,0.000199798824958603
"349",0.000146396639517021,0.000199411642209169
"350",0.000146110409339549,0.000199026314371643
"351",0.00014582555303378,0.000198642827297763
"352",0.000145542060119232,0.000198261166987085
"353",0.000145259920224844,0.000197881319585031
"354",0.000144979123087538,0.000197503271380955
"355",0.000144699658550784,0.000197127008806249
"356",0.000144421516563204,0.000196752518432477
"357",0.000144144687177189,0.000196379786969536
"358",0.000143869160547542,0.000196008801263853
"359",0.000143594926930138,0.000195639548296598
"360",0.000143321976680613,0.000195272015181942
"361",0.000143050300253067,0.000194906189165326
"362",0.000142779888198787,0.00019454205762177
"363",0.000142510731164997,0.0001941796080542
"364",0.000142242819893619,0.000193818828091805
"365",0.000141976145220059,0.000193459705488418
"366",0.000141710698072009,0.000193102228120925
"367",0.000141446469468272,0.000192746383987694
"368",0.000141183450517597,0.000192392161207033
"369",0.00014092163241754,0.000192039548015667
"370",0.000140661006453338,0.000191688532767242
"371",0.000140401563996802,0.000191339103930853
"372",0.000140143296505225,0.000190991250089586
"373",0.000139886195520312,0.000190644959939095
"374",0.000139630252667118,0.000190300222286192
"375",0.000139375459653008,0.000189957026047457
"376",0.000139121808266633,0.000189615360247876
"377",0.000138869290376916,0.000189275214019497
"378",0.00013861789793206,0.000188936576600098
"379",0.000138367622958568,0.000188599437331892
"380",0.000138118457560273,0.000188263785660232
"381",0.000137870393917392,0.000187929611132352
"382",0.000137623424285589,0.000187596903396113
"383",0.000137377540995046,0.00018726565219878
"384",0.000137132736449561,0.000186935847385805
"385",0.000136889003125646,0.00018660747889964
"386",0.00013664633357165,0.000186280536778558
"387",0.000136404720406884,0.000185955011155492
"388",0.000136164156320765,0.000185630892256902
"389",0.000135924634071976,0.000185308170401641
"390",0.000135686146487628,0.000184986835999853
"391",0.000135448686462442,0.00018466687955188
"392",0.000135212246957943,0.000184348291647181
"393",0.00013497682100166,0.000184031062963277
"394",0.000134742401686343,0.000183715184264703
"395",0.00013450898216919,0.000183400646401978
"396",0.000134276555671081,0.000183087440310587
"397",0.00013404511547583,0.000182775557009984
"398",0.000133814654929443,0.000182464987602601
"399",0.000133585167439386,0.000182155723272878
"400",0.000133356646473867,0.000181847755286302
"401",0.000133129085561127,0.000181541074988464
"402",0.000132902478288735,0.000181235673804123
"403",0.000132676818302905,0.000180931543236291
"404",0.000132452099307813,0.000180628674865325
"405",0.000132228315064923,0.000180327060348034
"406",0.000132005459392332,0.000180026691416798
"407",0.000131783526164112,0.000179727559878698
"408",0.000131562509309674,0.000179429657614664
"409",0.000131342402813125,0.000179132976578623
"410",0.000131123200712653,0.000178837508796675
"411",0.000130904897099901,0.000178543246366265
"412",0.000130687486119365,0.000178250181455374
"413",0.000130470961967794,0.000177958306301723
"414",0.000130255318893596,0.000177667613211981
"415",0.000130040551196255,0.000177378094560993
"416",0.000129826653225759,0.000177089742791006
"417",0.000129613619382029,0.000176802550410922
"418",0.000129401444114358,0.000176516509995543
"419",0.000129190121920867,0.000176231614184842
"420",0.000128979647347948,0.000175947855683233
"421",0.000128770014989739,0.000175665227258859
"422",0.000128561219487584,0.00017538372174288
"423",0.000128353255529516,0.000175103332028783
"424",0.00012814611784974,0.000174824051071688
"425",0.00012793980122812,0.000174545871887673
"426",0.000127734300489684,0.000174268787553104
"427",0.000127529610504121,0.000173992791203976
"428",0.000127325726185298,0.000173717876035257
"429",0.000127122642490772,0.00017344403530025
"430",0.000126920354421319,0.000173171262309955
"431",0.000126718857020462,0.000172899550432445
"432",0.000126518145374005,0.000172628893092247
"433",0.00012631821460958,0.000172359283769731
"434",0.000126119059896192,0.000172090716000509
"435",0.000125920676443774,0.000171823183374844
"436",0.00012572305950275,0.000171556679537057
"437",0.000125526204363594,0.000171291198184955
"438",0.00012533010635641,0.000171026733069256
"439",0.000125134760850504,0.000170763277993026
"440",0.000124940163253966,0.000170500826811122
"441",0.00012474630901326,0.000170239373429646
"442",0.000124553193612818,0.000169978911805398
"443",0.000124360812574636,0.000169719435945342
"444",0.000124169161457878,0.000169460939906079
"445",0.000123978235858486,0.000169203417793324
"446",0.000123788031408792,0.000168946863761394
"447",0.000123598543777139,0.000168691272012692
"448",0.000123409768667501,0.000168436636797213
"449",0.000123221701819115,0.000168182952412043
"450",0.000123034339006108,0.000167930213200873
"451",0.000122847676037142,0.000167678413553513
"452",0.000122661708755051,0.000167427547905414
"453",0.000122476433036488,0.000167177610737202
"454",0.000122291844791577,0.000166928596574206
"455",0.000122107939963568,0.000166680499986001
"456",0.000121924714528499,0.000166433315585957
"457",0.000121742164494853,0.000166187038030786
"458",0.000121560285903234,0.000165941662020103
"459",0.000121379074826035,0.000165697182295985
"460",0.000121198527367114,0.000165453593642544
"461",0.000121018639661475,0.000165210890885497
"462",0.000120839407874953,0.000164969068891746
"463",0.000120660828203901,0.00016472812256896
"464",0.000120482896874882,0.000164488046865168
"465",0.000120305610144363,0.000164248836768349
"466",0.000120128964298418,0.000164010487306035
"467",0.000119952955652428,0.000163772993544909
"468",0.000119777580550787,0.000163536350590419
"469",0.000119602835366616,0.000163300553586391
"470",0.000119428716501473,0.000163065597714643
"471",0.00011925522038507,0.000162831478194612
"472",0.000119082343474997,0.000162598190282979
"473",0.000118910082256442,0.0001623657292733
"474",0.00011873843324192,0.000162134090495646
"475",0.000118567392971004,0.000161903269316237
"476",0.000118396958010057,0.000161673261137094
"477",0.00011822712495197,0.000161444061395683
"478",0.000118057890415901,0.000161215665564568
"479",0.000117889251047021,0.000160988069151072
"480",0.000117721203516256,0.000160761267696935
"481",0.000117553744520037,0.000160535256777981
"482",0.000117386870780055,0.000160310032003785
"483",0.000117220579043012,0.00016008558901735
"484",0.000117054866080384,0.00015986192349478
"485",0.000116889728688174,0.000159639031144964
"486",0.000116725163686684,0.000159416907709256
"487",0.000116561167920275,0.000159195548961169
"488",0.000116397738257138,0.000158974950706062
"489",0.000116234871589068,0.000158755108780839
"490",0.000116072564831234,0.000158536019053644
"491",0.00011591081492196,0.000158317677423567
"492",0.0001157496188225,0.000158100079820347
"493",0.000115588973516826,0.000157883222204084
"494",0.000115428876011405,0.000157667100564948
"495",0.000115269323334995,0.000157451710922899
"496",0.000115110312538427,0.000157237049327402
"497",0.0001149518406944,0.000157023111857152
"498",0.000114793904897274,0.000156809894619799
"499",0.000114636502262869,0.000156597393751675
"500",0.000114479629928261,0.000156385605417529
"501",0.000114323285051587,0.000156174525810257
"502",0.000114167464811842,0.000155964151150645
"503",0.000114012166408693,0.000155754477687105
"504",0.00011385738706228,0.00015554550169542
"505",0.000113703124013028,0.000155337219478495
"506",0.000113549374521462,0.000155129627366097
"507",0.000113396135868018,0.000154922721714617
"508",0.000113243405352859,0.000154716498906817
"509",0.000113091180295697,0.000154510955351594
"510",0.000112939458035609,0.000154306087483736
"511",0.000112788235930863,0.000154101891763685
"512",0.000112637511358741,0.000153898364677306
"513",0.000112487281715365,0.000153695502735652
"514",0.000112337544415525,0.000153493302474737
"515",0.00011218829689251,0.000153291760455307
"516",0.00011203953659794,0.000153090873262618
"517",0.0001118912610016,0.000152890637506213
"518",0.000111743467591275,0.000152691049819703
"519",0.000111596153872587,0.000152492106860551
"520",0.000111449317368835,0.000152293805309854
"521",0.000111302955620839,0.000152096141872136
"522",0.000111157066186776,0.000151899113275134
"523",0.000111011646642031,0.000151702716269592
"524",0.000110866694579039,0.000151506947629057
"525",0.000110722207607134,0.000151311804149672
"526",0.000110578183352402,0.000151117282649978
"527",0.000110434619457525,0.000150923379970716
"528",0.000110291513581639,0.000150730092974627
"529",0.000110148863400187,0.000150537418546261
"530",0.000110006666604775,0.000150345353591782
"531",0.000109864920903029,0.000150153895038778
"532",0.000109723624018453,0.000149963039836074
"533",0.000109582773690291,0.000149772784953545
"534",0.000109442367673389,0.00014958312738193
"535",0.000109302403738057,0.000149394064132653
"536",0.000109162879669934,0.00014920559223764
"537",0.000109023793269856,0.000149017708749138
"538",0.000108885142353722,0.000148830410739546
"539",0.000108746924752362,0.000148643695301232
"540",0.00010860913831141,0.000148457559546365
"541",0.000108471780891175,0.00014827200060674
"542",0.000108334850366514,0.000148087015633613
"543",0.000108198344626706,0.000147902601797531
"544",0.000108062261575327,0.000147718756288166
"545",0.00010792659913013,0.00014753547631415
"546",0.00010779135522292,0.000147352759102916
"547",0.000107656527799436,0.000147170601900533
"548",0.00010752211481923,0.00014698900197155
"549",0.000107388114255552,0.000146807956598836
"550",0.00010725452409523,0.000146627463083429
"551",0.000107121342338557,0.000146447518744374
"552",0.000106988566999174,0.000146268120918579
"553",0.00010685619610396,0.000146089266960657
"554",0.000106724227692918,0.00014591095424278
"555",0.000106592659819066,0.00014573318015453
"556",0.000106461490548325,0.000145555942102755
"557",0.000106330717959411,0.000145379237511419
"558",0.00010620034014373,0.000145203063821463
"559",0.00010607035520527,0.000145027418490661
"560",0.000105940761260493,0.000144852298993479
"561",0.000105811556438235,0.000144677702820938
"562",0.000105682738879602,0.000144503627480474
"563",0.000105554306737867,0.000144330070495801
"564",0.000105426258178367,0.000144157029406781
"565",0.000105298591378407,0.000143984501769282
"566",0.000105171304527158,0.000143812485155055
"567",0.00010504439582556,0.000143640977151596
"568",0.000104917863486226,0.000143469975362018
"569",0.000104791705733343,0.000143299477404927
"570",0.00010466592080258,0.000143129480914286
"571",0.00010454050694099,0.0001429599835393
"572",0.000104415462406922,0.000142790982944281
"573",0.000104290785469925,0.000142622476808533
"574",0.000104166474410655,0.000142454462826225
"575",0.000104042527520789,0.000142286938706271
"576",0.000103918943102933,0.000142119902172212
"577",0.000103795719470532,0.000141953350962095
"578",0.000103672854947787,0.000141787282828356
"579",0.00010355034786956,0.000141621695537707
"580",0.000103428196581294,0.000141456586871017
"581",0.000103306399438929,0.000141291954623198
"582",0.00010318495480881,0.000141127796603096
"583",0.000103063861067611,0.000140964110633376
"584",0.000102943116602247,0.000140800894550411
"585",0.000102822719809797,0.000140638146204175
"586",0.000102702669097416,0.000140475863458132
"587",0.000102582962882262,0.000140314044189129
"588",0.00010246359959141,0.000140152686287291
"589",0.000102344577661776,0.000139991787655915
"590",0.000102225895540041,0.000139831346211364
"591",0.000102107551682569,0.000139671359882964
"592",0.000101989544555332,0.000139511826612904
"593",0.000101871872633837,0.000139352744356132
"594",0.000101754534403047,0.000139194111080255
"595",0.000101637528357308,0.000139035924765442
"596",0.000101520853000275,0.00013887818340432
"597",0.000101404506844841,0.000138720885001882
"598",0.000101288488413061,0.000138564027575387
"599",0.000101172796236081,0.000138407609154265
"600",0.000101057428854072,0.000138251627780024
"601",0.000100942384816152,0.000138096081506151
"602",0.000100827662680322,0.000137940968398027
"603",0.000100713261013395,0.000137786286532824
"604",0.000100599178390928,0.000137632033999426
"605",0.000100485413397153,0.000137478208898326
"606",0.000100371964624911,0.000137324809341548
"607",0.000100258830675587,0.000137171833452548
"608",0.000100146010159043,0.000137019279366134
"609",0.000100033501693549,0.000136867145228375
"610",9.99213039057262e-05,0.000136715429196513
"611",9.98094154304759e-05,0.000136564129438883
"612",9.969783491092e-05,0.000136413244134821
"613",9.95865609983367e-05,0.000136262771474588
"614",9.94755923520988e-05,0.000136112709659279
"615",9.93649276396118e-05,0.000135963056900747
"616",9.92545655362528e-05,0.000135813811421518
"617",9.914450472531e-05,0.00013566497145471
"618",9.90347438979229e-05,0.000135516535243954
"619",9.89252817530225e-05,0.000135368501043314
"620",9.88161169972729e-05,0.000135220867117208
"621",9.87072483450125e-05,0.000135073631740332
"622",9.85986745181964e-05,0.00013492679319758
"623",9.84903942463393e-05,0.000134780349783968
"624",9.83824062664582e-05,0.00013463429980456
"625",9.82747093230169e-05,0.000134488641574391
"626",9.81673021678697e-05,0.000134343373418393
"627",9.80601835602062e-05,0.00013419849367132
"628",9.79533522664971e-05,0.000134054000677679
"629",9.78468070604392e-05,0.000133909892791651
"630",9.77405467229024e-05,0.000133766168377025
"631",9.76345700418758e-05,0.000133622825807125
"632",9.75288758124154e-05,0.000133479863464737
"633",9.74234628365915e-05,0.000133337279742041
"634",9.73183299234371e-05,0.000133195073040544
"635",9.72134758888964e-05,0.000133053241771006
"636",9.71088995557738e-05,0.000132911784353378
"637",9.70045997536835e-05,0.000132770699216729
"638",9.69005753189997e-05,0.000132629984799182
"639",9.67968250948067e-05,0.00013248963954785
"640",9.669334793085e-05,0.000132349661918763
"641",9.65901426834877e-05,0.000132210050376812
"642",9.64872082156419e-05,0.000132070803395678
"643",9.6384543396751e-05,0.000131931919457769
"644",9.62821471027227e-05,0.000131793397054161
"645",9.61800182158864e-05,0.000131655234684528
"646",9.60781556249469e-05,0.000131517430857086
"647",9.59765582249383e-05,0.000131379984088529
"648",9.58752249171783e-05,0.000131242892903966
"649",9.57741546092224e-05,0.000131106155836864
"650",9.56733462148196e-05,0.000130969771428984
"651",9.55727986538672e-05,0.000130833738230324
"652",9.5472510852367e-05,0.000130698054799061
"653",9.53724817423814e-05,0.000130562719701487
"654",9.527271026199e-05,0.000130427731511958
"655",9.51731953552464e-05,0.00013029308881283
"656",9.50739359721358e-05,0.000130158790194408
"657",9.49749310685326e-05,0.000130024834254884
"658",9.48761796061584e-05,0.000129891219600285
"659",9.47776805525403e-05,0.000129757944844414
"660",9.46794328809702e-05,0.000129625008608798
"661",9.45814355704632e-05,0.000129492409522632
"662",9.44836876057179e-05,0.000129360146222723
"663",9.43861879770755e-05,0.000129228217353439
"664",9.42889356804805e-05,0.000129096621566657
"665",9.41919297174409e-05,0.000128965357521705
"666",9.40951690949895e-05,0.000128834423885313
"667",9.39986528256443e-05,0.000128703819331563
"668",9.39023799273711e-05,0.000128573542541832
"669",9.38063494235442e-05,0.000128443592204748
"670",9.37105603429096e-05,0.000128313967016132
"671",9.36150117195468e-05,0.000128184665678955
"672",9.35197025928321e-05,0.000128055686903281
"673",9.34246320074011e-05,0.000127927029406226
"674",9.33297990131129e-05,0.0001277986919119
"675",9.32352026650132e-05,0.000127670673151366
"676",9.31408420232989e-05,0.000127542971862588
"677",9.3046716153282e-05,0.000127415586790385
"678",9.29528241253544e-05,0.000127288516686381
"679",9.2859165014953e-05,0.000127161760308963
"680",9.27657379025248e-05,0.000127035316423229
"681",9.26725418734923e-05,0.000126909183800946
"682",9.25795760182197e-05,0.000126783361220503
"683",9.24868394319787e-05,0.000126657847466865
"684",9.23943312149148e-05,0.000126532641331527
"685",9.23020504720144e-05,0.000126407741612473
"686",9.22099963130713e-05,0.00012628314711413
"687",9.2118167852654e-05,0.000126158856647321
"688",9.20265642100735e-05,0.000126034869029227
"689",9.19351845093506e-05,0.00012591118308334
"690",9.18440278791844e-05,0.000125787797639421
"691",9.175309345292e-05,0.000125664711533459
"692",9.16623803685175e-05,0.000125541923607626
"693",9.15718877685208e-05,0.000125419432710241
"694",9.14816148000264e-05,0.000125297237695719
"695",9.13915606146528e-05,0.000125175337424541
"696",9.13017243685101e-05,0.000125053730763204
"697",9.12121052221699e-05,0.000124932416584187
"698",9.11227023406351e-05,0.000124811393765908
"699",9.10335148933106e-05,0.000124690661192683
"700",9.09445420539732e-05,0.00012457021775469
"701",9.08557830007432e-05,0.000124450062347928
"702",9.07672369160547e-05,0.000124330193874178
"703",9.06789029866272e-05,0.000124210611240966
"704",9.05907804034371e-05,0.000124091313361521
"705",9.05028683616893e-05,0.000123972299154743
"706",9.0415166060789e-05,0.000123853567545161
"707",9.03276727043142e-05,0.000123735117462897
"708",9.0240387499988e-05,0.000123616947843629
"709",9.01533096596509e-05,0.000123499057628556
"710",9.0066438399234e-05,0.000123381445764359
"711",8.99797729387319e-05,0.000123264111203165
"712",8.98933125021759e-05,0.000123147052902515
"713",8.98070563176077e-05,0.000123030269825323
"714",8.97210036170527e-05,0.000122913760939846
"715",8.96351536364943e-05,0.000122797525219645
"716",8.95495056158477e-05,0.000122681561643553
"717",8.94640587989345e-05,0.000122565869195639
"718",8.93788124334569e-05,0.000122450446865174
"719",8.92937657709727e-05,0.0001223352936466
"720",8.92089180668698e-05,0.000122220408539492
"721",8.91242685803419e-05,0.000122105790548527
"722",8.90398165743633e-05,0.00012199143868345
"723",8.89555613156647e-05,0.000121877351959045
"724",8.88715020747086e-05,0.000121763529395097
"725",8.87876381256655e-05,0.000121649970016361
"726",8.87039687463899e-05,0.000121536672852534
"727",8.86204932183965e-05,0.000121423636938219
"728",8.85372108268363e-05,0.000121310861312894
"729",8.8454120860474e-05,0.000121198345020883
"730",8.83712226116642e-05,0.000121086087111323
"731",8.82885153763286e-05,0.000120974086638133
"732",8.82059984539331e-05,0.000120862342659985
"733",8.81236711474652e-05,0.000120750854240272
"734",8.80415327634115e-05,0.000120639620447079
"735",8.79595826117355e-05,0.000120528640353154
"736",8.78778200058552e-05,0.000120417913035876
"737",8.77962442626216e-05,0.000120307437577227
"738",8.77148547022963e-05,0.000120197213063763
"739",8.76336506485304e-05,0.000120087238586584
"740",8.75526314283428e-05,0.000119977513241307
"741",8.74717963720989e-05,0.000119868036128036
"742",8.73911448134896e-05,0.000119758806351335
"743",8.73106760895101e-05,0.000119649823020197
"744",8.72303895404394e-05,0.000119541085248021
"745",8.71502845098194e-05,0.00011943259215258
"746",8.70703603444346e-05,0.000119324342855996
"747",8.69906163942916e-05,0.000119216336484711
"748",8.69110520125989e-05,0.000119108572169461
"749",8.6831666555747e-05,0.000119001049045252
"750",8.67524593832886e-05,0.000118893766251326
"751",8.66734298579186e-05,0.000118786722931142
"752",8.65945773454548e-05,0.000118679918232347
"753",8.65159012148182e-05,0.000118573351306748
"754",8.64374008380139e-05,0.000118467021310291
"755",8.63590755901121e-05,0.000118360927403031
"756",8.62809248492286e-05,0.000118255068749106
"757",8.62029479965067e-05,0.000118149444516717
"758",8.61251444160976e-05,0.000118044053878099
"759",8.60475134951427e-05,0.000117938896009496
"760",8.59700546237546e-05,0.000117833970091137
"761",8.58927671949989e-05,0.000117729275307213
"762",8.58156506048762e-05,0.00011762481084585
"763",8.57387042523042e-05,0.000117520575899088
"764",8.56619275390992e-05,0.000117416569662855
"765",8.55853198699592e-05,0.000117312791336942
"766",8.55088806524454e-05,0.000117209240124981
"767",8.54326092969655e-05,0.000117105915234425
"768",8.53565052167559e-05,0.000117002815876517
"769",8.52805678278644e-05,0.000116899941266274
"770",8.52047965491333e-05,0.00011679729062246
"771",8.51291908021826e-05,0.000116694863167565
"772",8.50537500113925e-05,0.000116592658127782
"773",8.49784736038874e-05,0.000116490674732984
"774",8.49033610095189e-05,0.000116388912216705
"775",8.48284116608493e-05,0.000116287369816111
"776",8.47536249931353e-05,0.000116186046771985
"777",8.4679000444312e-05,0.000116084942328704
"778",8.46045374549761e-05,0.000115984055734213
"779",8.45302354683708e-05,0.000115883386240007
"780",8.44560939303692e-05,0.000115782933101112
"781",8.43821122894588e-05,0.000115682695576058
"782",8.43082899967258e-05,0.000115582672926863
"783",8.42346265058396e-05,0.00011548286441901
"784",8.41611212730372e-05,0.000115383269321427
"785",8.4087773757108e-05,0.000115283886906465
"786",8.40145834193788e-05,0.00011518471644988
"787",8.39415497236982e-05,0.000115085757230811
"788",8.3868672136422e-05,0.000114987008531761
"789",8.37959501263982e-05,0.000114888469638575
"790",8.37233831649521e-05,0.000114790139840425
"791",8.3650970725872e-05,0.000114692018429783
"792",8.35787122853941e-05,0.000114594104702409
"793",8.35066073221884e-05,0.000114496397957326
"794",8.34346553173443e-05,0.000114398897496805
"795",8.33628557543561e-05,0.000114301602626341
"796",8.32912081191095e-05,0.000114204512654641
"797",8.32197118998665e-05,0.000114107626893596
"798",8.31483665872523e-05,0.000114010944658273
"799",8.30771716742413e-05,0.000113914465266886
"800",8.3006126656143e-05,0.000113818188040786
"801",8.29352310305886e-05,0.000113722112304436
"802",8.28644842975175e-05,0.000113626237385399
"803",8.27938859591636e-05,0.000113530562614315
"804",8.27234355200422e-05,0.000113435087324886
"805",8.26531324869365e-05,0.000113339810853856
"806",8.25829763688843e-05,0.000113244732540996
"807",8.25129666771655e-05,0.000113149851729084
"808",8.24431029252884e-05,0.000113055167763889
"809",8.23733846289773e-05,0.000112960679994154
"810",8.23038113061594e-05,0.000112866387771577
"811",8.2234382476952e-05,0.000112772290450797
"812",8.21650976636505e-05,0.000112678387389372
"813",8.20959563907148e-05,0.000112584677947768
"814",8.20269581847578e-05,0.000112491161489339
"815",8.19581025745325e-05,0.000112397837380312
"816",8.18893890909198e-05,0.000112304704989767
"817",8.18208172669166e-05,0.000112211763689627
"818",8.17523866376232e-05,0.000112119012854635
"819",8.16840967402315e-05,0.000112026451862342
"820",8.16159471140132e-05,0.00011193408009309
"821",8.15479373003077e-05,0.000111841896929997
"822",8.14800668425103e-05,0.000111749901758939
"823",8.14123352860607e-05,0.000111658093968535
"824",8.13447421784314e-05,0.000111566472950134
"825",8.12772870691158e-05,0.000111475038097797
"826",8.12099695096171e-05,0.00011138378880828
"827",8.11427890534367e-05,0.000111292724481023
"828",8.10757452560631e-05,0.000111201844518133
"829",8.10088376749604e-05,0.000111111148324368
"830",8.09420658695573e-05,0.000111020635307122
"831",8.08754294012361e-05,0.000110930304876413
"832",8.08089278333217e-05,0.000110840156444864
"833",8.07425607310703e-05,0.000110750189427693
"834",8.06763276616592e-05,0.000110660403242693
"835",8.06102281941754e-05,0.000110570797310224
"836",8.05442618996053e-05,0.000110481371053191
"837",8.04784283508238e-05,0.000110392123897039
"838",8.04127271225841e-05,0.000110303055269731
"839",8.03471577915068e-05,0.000110214164601736
"840",8.02817199360696e-05,0.000110125451326018
"841",8.02164131365973e-05,0.000110036914878018
"842",8.0151236975251e-05,0.000109948554695644
"843",8.00861910360183e-05,0.000109860370219255
"844",8.00212749047029e-05,0.000109772360891648
"845",7.99564881689146e-05,0.000109684526158043
"846",7.98918304180596e-05,0.000109596865466073
"847",7.98273012433299e-05,0.000109509378265768
"848",7.97629002376942e-05,0.000109422064009542
"849",7.96986269958874e-05,0.000109334922152182
"850",7.96344811144016e-05,0.000109247952150831
"851",7.95704621914755e-05,0.00010916115346498
"852",7.95065698270859e-05,0.000109074525556451
"853",7.9442803622937e-05,0.000108988067889384
"854",7.93791631824519e-05,0.00010890177993023
"855",7.93156481107627e-05,0.000108815661147732
"856",7.9252258014701e-05,0.000108729711012914
"857",7.91889925027891e-05,0.000108643928999071
"858",7.91258511852303e-05,0.000108558314581755
"859",7.90628336739001e-05,0.000108472867238763
"860",7.89999395823369e-05,0.000108387586450122
"861",7.89371685257328e-05,0.000108302471698082
"862",7.88745201209249e-05,0.000108217522467101
"863",7.88119939863864e-05,0.000108132738243833
"864",7.87495897422174e-05,0.000108048118517117
"865",7.86873070101362e-05,0.000107963662777963
"866",7.86251454134709e-05,0.000107879370519544
"867",7.85631045771502e-05,0.000107795241237181
"868",7.85011841276951e-05,0.000107711274428334
"869",7.843938369321e-05,0.000107627469592588
"870",7.83777029033747e-05,0.000107543826231643
"871",7.83161413894353e-05,0.000107460343849302
"872",7.82546987841963e-05,0.000107377021951463
"873",7.81933747220118e-05,0.000107293860046101
"874",7.81321688387776e-05,0.000107210857643263
"875",7.80710807719227e-05,0.000107128014255054
"876",7.80101101604012e-05,0.000107045329395628
"877",7.7949256644684e-05,0.000106962802581174
"878",7.78885198667509e-05,0.000106880433329908
"879",7.78278994700825e-05,0.000106798221162062
"880",7.7767395099652e-05,0.000106716165599871
"881",7.77070064019179e-05,0.000106634266167563
"882",7.76467330248151e-05,0.000106552522391353
"883",7.7586574617748e-05,0.000106470933799426
"884",7.75265308315823e-05,0.000106389499921928
"885",7.74666013186371e-05,0.000106308220290961
"886",7.74067857326776e-05,0.000106227094440566
"887",7.73470837289074e-05,0.000106146121906715
"888",7.72874949639605e-05,0.000106065302227303
"889",7.72280190958941e-05,0.000105984634942135
"890",7.71686557841814e-05,0.000105904119592918
"891",7.71094046897034e-05,0.000105823755723248
"892",7.70502654747421e-05,0.000105743542878606
"893",7.69912378029731e-05,0.00010566348060634
"894",7.69323213394579e-05,0.000105583568455663
"895",7.68735157506372e-05,0.000105503805977637
"896",7.68148207043232e-05,0.00010542419272517
"897",7.67562358696927e-05,0.000105344728252998
"898",7.669776091728e-05,0.000105265412117684
"899",7.66393955189697e-05,0.000105186243877602
"900",7.65811393479897e-05,0.000105107223092932
"901",7.65229920789042e-05,0.000105028349325646
"902",7.64649533876069e-05,0.000104949622139503
"903",7.6407022951314e-05,0.000104871041100041
"904",7.63492004485572e-05,0.00010479260577456
"905",7.62914855591771e-05,0.000104714315732121
"906",7.62338779643165e-05,0.000104636170543533
"907",7.61763773464134e-05,0.000104558169781345
"908",7.61189833891945e-05,0.000104480313019836
"909",7.60616957776685e-05,0.000104402599835008
"910",7.60045141981196e-05,0.000104325029804577
"911",7.59474383381006e-05,0.00010424760250796
"912",7.58904678864271e-05,0.000104170317526272
"913",7.58336025331701e-05,0.000104093174442315
"914",7.57768419696502e-05,0.000104016172840567
"915",7.57201858884312e-05,0.00010393931230718
"916",7.56636339833133e-05,0.000103862592429961
"917",7.56071859493273e-05,0.000103786012798376
"918",7.55508414827277e-05,0.00010370957300353
"919",7.54946002809874e-05,0.000103633272638167
"920",7.54384620427904e-05,0.000103557111296657
"921",7.53824264680264e-05,0.000103481088574991
"922",7.53264932577845e-05,0.000103405204070768
"923",7.5270662114347e-05,0.000103329457383194
"924",7.52149327411833e-05,0.000103253848113067
"925",7.51593048429442e-05,0.000103178375862772
"926",7.51037781254556e-05,0.000103103040236272
"927",7.50483522957125e-05,0.000103027840839104
"928",7.49930270618737e-05,0.000102952777278365
"929",7.49378021332552e-05,0.000102877849162706
"930",7.48826772203248e-05,0.000102803056102329
"931",7.4827652034696e-05,0.000102728397708971
"932",7.47727262891227e-05,0.000102653873595905
"933",7.47178996974929e-05,0.000102579483377924
"934",7.46631719748237e-05,0.00010250522667134
"935",7.46085428372548e-05,0.000102431103093972
"936",7.45540120020438e-05,0.000102357112265142
"937",7.44995791875597e-05,0.000102283253805665
"938",7.4445244113278e-05,0.000102209527337841
"939",7.43910064997752e-05,0.00010213593248545
"940",7.43368660687226e-05,0.000102062468873744
"941",7.42828225428817e-05,0.000101989136129438
"942",7.42288756460983e-05,0.000101915933880705
"943",7.41750251032972e-05,0.000101842861757168
"944",7.4121270640477e-05,0.000101769919389891
"945",7.40676119847045e-05,0.000101697106411374
"946",7.40140488641096e-05,0.000101624422455545
"947",7.396058100788e-05,0.000101551867157755
"948",7.3907208146256e-05,0.000101479440154768
"949",7.38539300105254e-05,0.000101407141084754
"950",7.38007463330179e-05,0.000101334969587285
"951",7.37476568471005e-05,0.000101262925303326
"952",7.36946612871721e-05,0.000101191007875229
"953",7.36417593886587e-05,0.000101119216946724
"954",7.35889508880078e-05,0.000101047552162917
"955",7.3536235522684e-05,0.000100976013170278
"956",7.34836130311636e-05,0.000100904599616636
"957",7.34310831529301e-05,0.000100833311151177
"958",7.33786456284687e-05,0.000100762147424428
"959",7.33263001992618e-05,0.00010069110808826
"960",7.32740466077839e-05,0.000100620192795875
"961",7.32218845974971e-05,0.000100549401201803
"962",7.31698139128459e-05,0.000100478732961893
"963",7.31178342992528e-05,0.000100408187733309
"964",7.30659455031131e-05,0.000100337765174523
"965",7.30141472717906e-05,0.000100267464945307
"966",7.29624393536126e-05,0.000100197286706729
"967",7.29108214978655e-05,0.000100127230121144
"968",7.285929345479e-05,0.000100057294852191
"969",7.28078549755763e-05,9.99874805647847e-05
"970",7.275650581236e-05,9.991778692511e-05
"971",7.27052457182171e-05,9.98482136006157e-05
"972",7.26540744471596e-05,9.97787602600084e-05
"973",7.26029917541311e-05,9.97094265732466e-05
"974",7.25519973950023e-05,9.96402122115347e-05
"975",7.25010911265663e-05,9.95711168473167e-05
"976",7.24502727065344e-05,9.95021401542708e-05
"977",7.23995418935318e-05,9.94332818073031e-05
"978",7.2348898447093e-05,9.93645414825418e-05
"979",7.22983421276573e-05,9.92959188573313e-05
"980",7.22478726965651e-05,9.92274136102268e-05
"981",7.21974899160529e-05,9.91590254209878e-05
"982",7.21471935492495e-05,9.90907539705731e-05
"983",7.20969833601714e-05,9.90225989411347e-05
"984",7.20468591137188e-05,9.89545600160121e-05
"985",7.19968205756713e-05,9.88866368797269e-05
"986",7.1946867512684e-05,9.88188292179769e-05
"987",7.18969996922828e-05,9.87511367176309e-05
"988",7.18472168828608e-05,9.86835590667227e-05
"989",7.17975188536737e-05,9.8616095954446e-05
"990",7.17479053748363e-05,9.85487470711487e-05
"991",7.16983762173179e-05,9.84815121083275e-05
"992",7.16489311529386e-05,9.84143907586226e-05
"993",7.15995699543651e-05,9.8347382715812e-05
"994",7.15502923951069e-05,9.82804876748065e-05
"995",7.15010982495121e-05,9.82137053316442e-05
"996",7.14519872927636e-05,9.81470353834852e-05
"997",7.14029593008751e-05,9.80804775286063e-05
"998",7.13540140506875e-05,9.80140314663961e-05
"999",7.13051513198644e-05,9.79476968973493e-05
"1000",7.1256370886889e-05,9.78814735230619e-05
